target,kan_mean,kan_std,mlp_mean,mlp_std,diff,t_stat,t_pval,wilcoxon_stat,wilcoxon_pval,cohens_d,effect_size,ci_lower,ci_upper,significant_bonferroni
f0,0.40108348925908405,0.0016206587196653148,0.3253368337949117,0.0359641690841623,0.07574665546417236,5.059099261708737,0.003902993059421774,0.0,0.03125,2.0653686248795835,large,0.05018336574236556,0.10298885901768999,YES
duration,0.3336683213710785,0.0005359002462624926,0.27799156308174133,0.01723130067319933,0.05567675828933716,8.119956460252606,0.00045965363657232884,0.0,0.03125,3.314958343539127,large,0.043808648983637476,0.06800853212674454,YES
energy,0.1403057972590128,0.00013325626709944285,0.14454743266105646,0.0019971054011836903,-0.00424163540204367,-5.04197702626293,0.00396022016829592,0.0,0.03125,-2.058378501529913,large,-0.005692919095357292,-0.002807339032491011,YES
