{
  "0": {
    "min": 0.0,
    "max": 2.0
  },
  "1": {
    "min": 0.0,
    "max": 0.04202419891953468
  },
  "2": {
    "min": 1.0,
    "max": 7.0
  },
  "3": {
    "min": 1.0,
    "max": 15.0
  },
  "17": {
    "min": 0.0,
    "max": 1.0952380895614624
  },
  "18": {
    "min": 0.0,
    "max": 1.0
  },
  "27": {
    "min": 0.0,
    "max": 1.0
  },
  "28": {
    "min": -1.0,
    "max": 0.800000011920929
  },
  "29": {
    "min": 0.0,
    "max": 0.6666666865348816
  }
}