{
  "seeds": [
    42,
    43,
    44,
    45,
    46,
    47
  ],
  "results": {
    "nasm": [
      0.29109591245651245,
      0.29895275831222534,
      0.29544299840927124,
      0.2921932339668274,
      0.29413801431655884,
      0.3051888346672058
    ],
    "mlp": [
      0.2032221555709839,
      0.19728773832321167,
      0.18284755945205688,
      0.18537688255310059,
      0.18160754442214966,
      0.22951841354370117
    ],
    "linear": [
      0.188235342502594,
      0.188235342502594,
      0.188235342502594,
      0.188235342502594,
      0.188235342502594,
      0.188235342502594
    ]
  },
  "statistics": {
    "nasm": {
      "mean": 0.29616862535476685,
      "std": 0.004748712823017734
    },
    "mlp": {
      "mean": 0.1966433823108673,
      "std": 0.016672323858207362
    },
    "linear": {
      "mean": 0.188235342502594,
      "std": 0.0
    }
  }
}