{
  "f0": {
    "mean": 4.966628551483154,
    "std": 0.22226090729236603
  },
  "duration": {
    "mean": -2.7638754844665527,
    "std": 0.46742329001426697
  },
  "energy": {
    "mean": -34.549232482910156,
    "std": 15.238849639892578
  }
}