{
  "f0": {
    "mean": 4.963240146636963,
    "std": 0.23059161007404327
  },
  "duration": {
    "mean": -2.7603890895843506,
    "std": 0.4686650335788727
  },
  "energy": {
    "mean": -34.45561981201172,
    "std": 15.217958450317383
  }
}